{"stat.flyOneCm":1275,"stat.deaths":1,"stat.pickup.minecraft.water_bucket":2,"stat.walkOneCm":3786,"stat.drop":7,"stat.pickup.minecraft.diamond":59,"stat.jump":8,"stat.useItem.forge.bucketfilled":1,"stat.playOneMinute":1043,"stat.pickup.minecraft.diamond_pickaxe":1,"stat.leaveGame":1,"stat.pickup.thermalfoundation.material":6,"stat.damageTaken":70,"stat.pickup.minecraft.lava_bucket":1,"stat.pickup.minecraft.bucket":2,"stat.timeSinceDeath":691,"stat.pickup.minecraft.dirt":5,"stat.sprintOneCm":3520,"stat.pickup.minecraft.obsidian":2,"stat.mineBlock.minecraft.dirt":1,"stat.drop.thermalfoundation.material":7,"stat.mineBlock.minecraft.tallgrass":1,"stat.pickup.forge.bucketfilled":1}