{"stat.flyOneCm":2129,"stat.walkOneCm":4505,"stat.drop":15,"stat.swimOneCm":1392,"stat.jump":30,"stat.pickup.minecraft.egg":1,"stat.playOneMinute":8987,"stat.killEntity.Sheep":1,"stat.pickup.minecraft.wool":1,"stat.pickup.minecraft.feather":2,"stat.drop.minecraft.planks":15,"stat.damageDealt":80,"stat.useItem.minecraft.diamond_pickaxe":2,"stat.timeSinceDeath":8987,"stat.pickup.immersiveengineering.treated_wood":2328,"stat.sprintOneCm":1288,"stat.mobKills":1,"stat.useItem.minecraft.stone_slab2":1,"stat.pickup.minecraft.mutton":1,"stat.pickup.minecraft.planks":4}